t_host_ms,seq,d_a,d_b,q_a,q_b,t_ms,x,y,zone
1790000000018,0,1763,3459,213,206,60000,0.900,1.400,mesa
1790000000122,1,1742,3419,205,195,60100,0.900,1.400,mesa
1790000000220,2,1803,3453,166,216,60200,0.900,1.400,mesa
1790000000319,3,1735,3462,208,195,60300,0.900,1.400,mesa
1790000000415,4,1752,3432,201,189,60400,0.900,1.400,mesa
1790000000514,5,1709,3441,183,206,60500,0.900,1.400,mesa
1790000000616,6,1834,3437,204,202,60600,0.900,1.400,mesa
1790000000715,7,1775,3409,198,199,60700,0.900,1.400,mesa
1790000000836,8,1782,3486,204,208,60800,0.900,1.400,mesa
1790000000914,9,1754,3455,205,207,60900,0.900,1.400,mesa
1790000001012,10,1795,727,194,196,61000,0.900,1.400,mesa
1790000001114,11,1767,3470,194,211,61100,0.900,1.400,mesa
1790000001213,12,1799,3486,203,203,61200,0.900,1.400,mesa
1790000001316,13,1770,3422,213,209,61300,0.900,1.400,mesa
1790000001418,14,2912,3412,207,215,61400,0.900,1.400,mesa
1790000001534,15,1676,3454,178,215,61500,0.900,1.400,mesa
1790000001618,16,1785,3442,203,204,61600,0.903,1.394,mesa
1790000001720,17,1741,3442,203,194,61700,0.914,1.377,mesa
1790000001813,18,1749,3418,183,184,61800,0.933,1.352,mesa
1790000001915,19,1770,3379,184,205,61900,0.962,1.320,mesa
1790000002026,20,4896,3274,203,196,62000,1.002,1.284,mesa
1790000002118,21,1736,3271,212,209,62100,1.053,1.246,mesa
1790000002216,22,1722,3205,184,194,62200,1.115,1.207,mesa
1790000002316,23,1808,3102,199,196,62300,1.186,1.167,mesa
1790000002416,24,1748,3056,197,194,62400,1.265,1.128,mesa
1790000002517,25,1873,2930,220,202,62500,1.353,1.090,mesa
1790000002613,26,1877,2853,204,182,62600,1.447,1.053,mesa
1790000002721,27,2002,2688,202,215,62700,1.547,1.017,
1790000002815,28,2016,2622,205,195,62800,1.652,0.983,
1790000002918,29,2076,2483,195,194,62900,1.761,0.951,
1790000003012,30,2178,2392,196,198,63000,1.873,0.920,
1790000003137,31,2281,2239,197,214,63100,1.989,0.892,
1790000003219,32,2397,2185,203,208,63200,2.105,0.865,
1790000003321,33,2404,2031,200,184,63300,2.223,0.842,
1790000003413,34,2594,1915,206,207,63400,2.340,0.821,
1790000003513,35,2673,1871,225,216,63500,2.457,0.802,
1790000003613,36,2764,1718,210,188,63600,2.572,0.787,
1790000003714,37,2856,1629,206,200,63700,2.685,0.775,
1790000003821,38,2963,1555,211,200,63800,2.794,0.766,
1790000003924,39,3046,1441,215,205,63900,2.899,0.761,
1790000004013,40,3231,1435,185,188,64000,2.999,0.760,
1790000004119,41,3271,1358,205,195,64100,3.093,0.762,estantería
1790000004217,42,3318,1292,187,203,64200,3.180,0.769,estantería
1790000004314,43,3409,1235,197,208,64300,3.259,0.779,estantería
1790000004427,44,3463,1206,197,209,64400,3.329,0.794,estantería
1790000004525,45,3528,1142,184,205,64500,3.388,0.814,estantería
1790000004622,46,3600,1139,204,196,64600,3.434,0.836,estantería
1790000004718,47,3636,1189,205,203,64700,3.468,0.860,estantería
1790000004824,48,3681,1263,206,189,64800,3.488,0.882,estantería
1790000004915,49,3659,1154,201,195,64900,3.498,0.896,estantería
1790000005014,50,3641,1202,175,193,65000,3.500,0.900,estantería
1790000005113,51,3671,1160,193,216,65100,3.500,0.900,estantería
1790000005213,52,3664,1179,196,197,65200,3.500,0.900,estantería
1790000005317,53,3669,1268,213,204,65300,3.500,0.900,estantería
1790000005424,54,3649,1182,200,194,65400,3.500,0.900,estantería
1790000005520,55,3674,1199,201,213,65500,3.500,0.900,estantería
1790000005614,56,7241,1203,205,214,65600,3.500,0.900,estantería
1790000005712,57,3711,1189,206,218,65700,3.500,0.900,estantería
1790000005820,58,3647,1214,195,173,65800,3.500,0.900,estantería
1790000005917,59,3642,1190,225,181,65900,3.500,0.900,estantería
1790000006012,60,3674,1185,214,194,66000,3.500,0.900,estantería
1790000006128,61,3712,1205,191,204,66100,3.500,0.900,estantería
1790000006213,62,3659,1195,207,190,66200,3.500,0.900,estantería
1790000006314,63,3620,1227,192,197,66300,3.500,0.900,estantería
1790000006415,64,3655,2251,208,187,66400,3.500,0.900,estantería
1790000006514,65,3652,1165,175,180,66500,3.500,0.900,estantería
1790000006614,66,3717,1246,189,197,66600,3.504,0.908,estantería
1790000006715,67,3695,1181,203,201,66700,3.511,0.926,estantería
1790000006815,68,3718,1188,192,196,66800,3.518,0.956,estantería
1790000006915,69,3710,1221,212,199,66900,3.522,0.997,estantería
1790000007030,70,3739,1301,194,190,67000,3.522,1.047,estantería
1790000007112,71,3690,1374,201,200,67100,3.517,1.107,estantería
1790000007228,72,3708,1402,183,201,67200,3.506,1.174,estantería
1790000007314,73,3752,1488,212,192,67300,3.490,1.248,
1790000007416,74,3750,1499,205,214,67400,3.469,1.328,
1790000007522,75,3783,1652,227,213,67500,3.443,1.414,
1790000007613,76,3750,1711,203,214,67600,3.413,1.504,
1790000007731,77,3739,1804,225,198,67700,3.379,1.598,
1790000007821,78,3797,1906,166,193,67800,3.341,1.697,
1790000007916,79,3795,2029,203,184,67900,3.300,1.798,
1790000008018,80,3830,2150,198,169,68000,3.256,1.901,
1790000008122,81,3817,2217,215,195,68100,3.209,2.006,
1790000008219,82,3854,-1,203,0,68200,3.159,2.112,
1790000008413,84,3914,2561,199,201,68400,3.053,2.326,
1790000008518,85,3946,2733,193,202,68500,2.998,2.432,
1790000008617,86,3926,2871,198,209,68600,2.941,2.538,
1790000008715,87,3944,2947,220,182,68700,2.883,2.641,
1790000008816,88,3995,3057,190,207,68800,2.824,2.742,
1790000008912,89,3984,3184,210,200,68900,2.765,2.841,
1790000009018,90,3974,3266,197,203,69000,2.706,2.935,
1790000009115,91,4080,3416,196,206,69100,2.647,3.026,
1790000009218,92,4114,3508,216,225,69200,2.588,3.113,
1790000009332,93,4059,3569,199,187,69300,2.530,3.193,
1790000009416,94,4157,3659,207,182,69400,2.474,3.269,puerta
1790000009517,95,4182,3795,211,207,69500,2.419,3.337,puerta
1790000009614,96,4140,3832,194,207,69600,2.366,3.399,puerta
1790000009715,97,4225,3873,217,194,69700,2.315,3.453,puerta
1790000009822,98,4275,3914,201,210,69800,2.267,3.499,puerta
1790000009917,99,4218,4027,211,189,69900,2.223,3.536,puerta
1790000010013,100,4248,4103,183,199,70000,2.183,3.564,puerta
1790000010117,101,4189,4051,202,184,70100,2.149,3.583,puerta
1790000010232,102,4195,4134,207,205,70200,2.123,3.594,puerta
1790000010318,103,4180,4112,225,207,70300,2.106,3.599,puerta
1790000010420,104,4212,4153,214,194,70400,2.100,3.600,puerta
1790000010515,105,4210,4141,198,230,70500,2.100,3.600,puerta
1790000010621,106,4236,4095,200,198,70600,2.100,3.600,puerta
1790000010725,107,4237,4135,195,195,70700,2.100,3.600,puerta
1790000010832,108,4262,4116,212,208,70800,2.100,3.600,puerta
1790000010916,109,4193,4090,201,214,70900,2.100,3.600,puerta
1790000011015,110,4217,4103,207,198,71000,2.100,3.600,puerta
1790000011116,111,4227,4059,200,201,71100,2.100,3.600,puerta
1790000011216,112,4221,4163,219,198,71200,2.100,3.600,puerta
1790000011314,113,4218,4169,213,198,71300,2.100,3.600,puerta
1790000011412,114,4215,4148,203,191,71400,2.100,3.600,puerta
1790000011515,115,4199,4141,203,190,71500,2.100,3.600,puerta
1790000011616,116,4169,4145,200,190,71600,2.100,3.600,puerta
1790000011715,117,4194,4106,189,202,71700,2.100,3.600,puerta
1790000011830,118,4240,4143,201,191,71800,2.100,3.600,puerta
1790000011917,119,4207,4145,195,193,71900,2.100,3.600,puerta
1790000012013,120,4204,4107,211,213,72000,2.093,3.601,puerta
1790000012116,121,4222,4107,193,214,72100,2.072,3.603,puerta
1790000012212,122,4183,4130,189,214,72200,2.039,3.600,puerta
1790000012319,123,4136,4126,204,186,72300,1.995,3.588,puerta
1790000012419,124,4119,4160,201,203,72400,1.944,3.565,puerta
1790000012520,125,4078,4145,190,223,72500,1.888,3.530,puerta
1790000012616,126,3959,4160,184,178,72600,1.828,3.484,puerta
1790000012713,127,3904,4173,197,199,72700,1.766,3.427,puerta
1790000012818,128,3805,4087,191,185,72800,1.703,3.361,puerta
1790000012914,129,3720,4105,200,227,72900,1.639,3.288,puerta
1790000013013,130,3631,4097,215,216,73000,1.574,3.206,
1790000013118,131,3465,4075,200,200,73100,1.510,3.119,
1790000013212,132,3419,4021,197,197,73200,1.446,3.026,
1790000013313,133,3296,3972,197,178,73300,1.384,2.929,
1790000013414,134,3171,3939,215,192,73400,1.322,2.828,
1790000013522,135,3074,3883,213,185,73500,1.263,2.724,
1790000013631,136,2946,3889,206,183,73600,1.207,2.619,
1790000013820,138,2713,3827,189,177,73800,1.102,2.405,
1790000013914,139,2648,2132,202,197,73900,1.055,2.298,
1790000014033,140,4377,3763,227,216,74000,1.013,2.193,
1790000014123,141,2365,3747,182,207,74100,0.975,2.090,
1790000014215,142,2309,3757,198,199,74200,0.942,1.990,
1790000014323,143,2209,3619,208,212,74300,0.914,1.895,
1790000014415,144,2083,3666,191,205,74400,0.892,1.804,
1790000014514,145,2023,3598,194,212,74500,0.877,1.720,mesa
1790000014651,146,1934,-1,208,0,74600,0.868,1.643,mesa
1790000014712,147,1904,3536,192,208,74700,0.865,1.574,mesa
1790000014815,148,1894,3592,221,178,74800,0.868,1.515,mesa
1790000014918,149,1845,3507,214,217,74900,0.876,1.468,mesa
1790000015029,150,1776,3464,207,208,75000,0.886,1.433,mesa
1790000015114,151,1764,3436,194,211,75100,0.895,1.410,mesa
1790000015214,152,1779,3441,210,176,75200,0.900,1.400,mesa
1790000015322,153,1768,3401,212,193,75300,0.900,1.400,mesa
1790000015418,154,1744,3500,187,197,75400,0.900,1.400,mesa
1790000015519,155,1767,3485,195,190,75500,0.900,1.400,mesa
1790000015612,156,1784,3449,207,200,75600,0.900,1.400,mesa
1790000015723,157,1722,3419,209,194,75700,0.900,1.400,mesa
1790000015913,159,1815,3454,207,213,75900,0.900,1.400,mesa
1790000016017,160,1810,-1,200,0,76000,0.900,1.400,mesa
1790000016116,161,1779,3472,212,224,76100,0.900,1.400,mesa
1790000016217,162,1803,3500,209,215,76200,0.900,1.400,mesa
1790000016312,163,1785,3460,179,189,76300,0.900,1.400,mesa
1790000016415,164,1764,1854,213,179,76400,0.900,1.400,mesa
1790000016518,165,1797,3434,222,197,76500,0.900,1.400,mesa
1790000016612,166,1797,3440,178,211,76600,0.900,1.400,mesa
1790000016723,167,1782,3465,190,196,76700,0.900,1.400,mesa
1790000016819,168,1807,3445,188,220,76800,0.902,1.397,mesa
1790000016921,169,1752,3399,196,211,76900,0.910,1.383,mesa
1790000017018,170,1739,3438,224,203,77000,0.927,1.359,mesa
1790000017118,171,1777,3371,198,220,77100,0.953,1.329,mesa
1790000017214,172,1708,3347,195,208,77200,0.990,1.294,mesa
1790000017316,173,1674,3322,208,197,77300,1.039,1.256,mesa
1790000017413,174,1774,3214,213,206,77400,1.098,1.217,mesa
1790000017522,175,1739,3146,198,192,77500,1.166,1.178,mesa
1790000017619,176,1774,3048,222,210,77600,1.243,1.139,mesa
1790000017728,177,1850,2961,173,205,77700,1.329,1.100,mesa
1790000017813,178,1874,2870,188,203,77800,1.421,1.063,mesa
1790000017922,179,-1,2759,0,196,77900,1.519,1.027,
1790000018022,180,2012,2635,190,228,78000,1.623,0.992,
1790000018134,181,2095,2553,204,206,78100,1.731,0.959,
1790000018215,182,2150,2446,204,196,78200,1.843,0.928,
1790000018314,183,2324,2268,197,179,78300,1.958,0.899,
1790000018442,184,2337,2212,209,181,78400,2.074,0.872,
1790000018513,185,2404,2118,204,182,78500,2.191,0.848,
1790000018619,186,2537,-1,182,0,78600,2.309,0.826,
1790000018724,187,2620,1863,194,210,78700,2.426,0.807,
1790000018818,188,2694,1777,207,197,78800,2.542,0.791,
1790000018915,189,-1,1684,0,221,78900,2.655,0.778,
1790000019014,190,2949,1620,194,192,79000,2.766,0.768,
1790000019119,191,3011,1487,204,219,79100,2.872,0.762,
1790000019214,192,3147,1439,211,203,79200,2.973,0.760,
1790000019319,193,3237,1365,192,193,79300,3.069,0.761,estantería
1790000019415,194,3307,1311,195,215,79400,3.158,0.766,estantería
1790000019520,195,3360,1224,207,206,79500,3.239,0.776,estantería
1790000019615,196,3519,1250,224,198,79600,3.311,0.790,estantería
1790000019714,197,-1,1147,0,234,79700,3.373,0.808,estantería
1790000019817,198,3559,1220,213,179,79800,3.423,0.830,estantería
1790000019915,199,3596,1206,171,206,79900,3.460,0.854,estantería
1790000020026,200,3618,1224,198,202,80000,3.484,0.877,estantería
1790000020125,201,3660,1236,218,190,80100,3.496,0.893,estantería
1790000020220,202,3693,1209,200,206,80200,3.500,0.900,estantería
1790000020316,203,3597,1208,207,207,80300,3.500,0.900,estantería
1790000020414,204,3646,1170,179,242,80400,3.500,0.900,estantería
1790000020518,205,3651,1123,189,193,80500,3.500,0.900,estantería
1790000020617,206,3696,1198,182,203,80600,3.500,0.900,estantería
1790000020723,207,3632,1176,195,205,80700,3.500,0.900,estantería
1790000020816,208,3650,1176,213,214,80800,3.500,0.900,estantería
1790000020920,209,3615,1182,222,207,80900,3.500,0.900,estantería
1790000021013,210,3649,1174,214,194,81000,3.500,0.900,estantería
1790000021124,211,3659,1169,204,209,81100,3.500,0.900,estantería
1790000021318,213,3675,1160,199,196,81300,3.500,0.900,estantería
1790000021426,214,3682,1184,206,191,81400,3.500,0.900,estantería
1790000021516,215,3661,1171,208,210,81500,3.500,0.900,estantería
1790000021623,216,3656,1195,202,224,81600,3.500,0.900,estantería
1790000021730,217,3689,1201,178,200,81700,3.500,0.900,estantería
1790000021822,218,3708,1200,209,182,81800,3.502,0.905,estantería
1790000021919,219,3717,1245,195,191,81900,3.509,0.920,estantería
1790000022014,220,3732,1219,190,219,82000,3.516,0.947,estantería
1790000022115,221,3672,1233,195,172,82100,3.522,0.985,estantería
1790000022222,222,7045,1286,212,184,82200,3.523,1.033,estantería
1790000022317,223,3704,1308,218,187,82300,3.519,1.090,estantería
1790000022429,224,3723,1411,206,221,82400,3.509,1.155,estantería
1790000022515,225,3773,1454,184,196,82500,3.495,1.227,
1790000022614,226,3707,1541,208,195,82600,3.475,1.306,
1790000022715,227,3805,1627,209,196,82700,3.451,1.390,
1790000022825,228,3762,1723,205,177,82800,3.422,1.479,
1790000022914,229,3804,1763,186,184,82900,3.389,1.573,
1790000023012,230,3811,1874,203,198,83000,3.352,1.670,
1790000023118,231,3749,1963,177,179,83100,3.312,1.770,
1790000023234,232,3816,2139,175,193,83200,3.268,1.873,
1790000023322,233,3839,2214,217,187,83300,3.222,1.978,
1790000023420,234,3817,2289,205,189,83400,3.172,2.084,
1790000023520,235,3841,2498,193,212,83500,3.121,2.191,
1790000023616,236,3900,2545,227,199,83600,3.068,2.298,
1790000023717,237,3887,2585,200,196,83700,3.013,2.404,
1790000023822,238,3888,2799,206,202,83800,2.956,2.510,
1790000023918,239,3891,2922,195,190,83900,2.898,2.614,
1790000024017,240,3988,3044,204,210,84000,2.840,2.715,
1790000024117,241,3967,3151,191,194,84100,2.781,2.815,
1790000024220,242,4006,3219,173,202,84200,2.722,2.910,
1790000024322,243,4047,3380,199,204,84300,2.662,3.002,
1790000024416,244,4106,3425,199,193,84400,2.604,3.090,
1790000024519,245,4110,3550,196,208,84500,2.546,3.172,
1790000024620,246,4112,3701,200,188,84600,2.489,3.249,puerta
1790000024732,247,4245,3678,209,187,84700,2.433,3.320,puerta
1790000024813,248,4160,3767,207,214,84800,2.380,3.383,puerta
1790000024912,249,4222,3859,193,207,84900,2.328,3.440,puerta
1790000025015,250,7485,3953,192,215,85000,2.280,3.488,puerta
1790000025136,251,4219,4055,187,194,85100,2.234,3.527,puerta
1790000025215,252,4209,4046,192,197,85200,2.193,3.557,puerta
1790000025324,253,4208,4069,205,221,85300,2.157,3.579,puerta
1790000025413,254,4203,4160,183,202,85400,2.129,3.592,puerta
1790000025526,255,4207,4168,212,218,85500,2.109,3.598,puerta
1790000025612,256,4197,4112,217,198,85600,2.100,3.600,puerta
1790000025727,257,4202,4113,195,175,85700,2.100,3.600,puerta
1790000025820,258,4218,4092,210,200,85800,2.100,3.600,puerta
1790000025930,259,4190,4125,202,195,85900,2.100,3.600,puerta
1790000026013,260,4176,4098,177,193,86000,2.100,3.600,puerta
1790000026112,261,4231,4130,209,188,86100,2.100,3.600,puerta
1790000026218,262,4179,4097,194,196,86200,2.100,3.600,puerta
1790000026323,263,4189,4126,197,211,86300,2.100,3.600,puerta
1790000026417,264,4226,4116,208,191,86400,2.100,3.600,puerta
1790000026515,265,4207,4186,183,218,86500,2.100,3.600,puerta
1790000026613,266,4197,4102,211,175,86600,2.100,3.600,puerta
1790000026716,267,4229,4137,191,192,86700,2.100,3.600,puerta
1790000026821,268,4248,4078,204,197,86800,2.100,3.600,puerta
1790000026915,269,4126,4107,205,195,86900,2.100,3.600,puerta
1790000027039,270,4186,4094,188,181,87000,2.100,3.600,puerta
1790000027113,271,4210,4141,208,222,87100,2.100,3.600,puerta
1790000027212,272,4193,4134,198,209,87200,2.096,3.601,puerta
1790000027315,273,4204,4166,192,208,87300,2.079,3.603,puerta
1790000027412,274,4142,6296,213,223,87400,2.049,3.601,puerta
1790000027515,275,4178,4154,195,193,87500,2.008,3.593,puerta
1790000027625,276,4139,4156,200,210,87600,1.958,3.573,puerta
1790000027713,277,4093,4170,204,211,87700,1.903,3.541,puerta
1790000027825,278,3946,4182,201,190,87800,1.845,3.497,puerta
1790000027917,279,3910,4135,195,184,87900,1.783,3.443,puerta
1790000028012,280,3849,4102,212,193,88000,1.720,3.380,puerta
1790000028114,281,3783,4134,220,178,88100,1.656,3.308,puerta
1790000028221,282,3660,4109,203,207,88200,1.592,3.229,
1790000028313,283,3480,4061,214,182,88300,1.527,3.143,
1790000028416,284,3473,4035,218,195,88400,1.463,3.052,
1790000028513,285,3368,4016,203,190,88500,1.400,2.955,
1790000028628,286,3148,3939,210,210,88600,1.339,2.855,
1790000028725,287,3050,3921,202,209,88700,1.279,2.752,
1790000028816,288,2996,3908,190,195,88800,1.222,2.647,
1790000028913,289,2875,3843,186,211,88900,1.167,2.540,
1790000029017,290,2709,3836,198,217,89000,1.115,2.433,
1790000029122,291,2616,3774,196,222,89100,1.067,2.326,
1790000029220,292,2532,3769,178,214,89200,1.024,2.221,
1790000029313,293,2390,3758,196,208,89300,0.984,2.117,
1790000029412,294,2302,3726,207,198,89400,0.950,2.017,
1790000029531,295,2236,3654,205,203,89500,0.921,1.920,
1790000029615,296,2163,3668,228,193,89600,0.898,1.828,
1790000029719,297,2002,3676,191,182,89700,0.881,1.742,mesa
1790000029820,298,1957,3583,169,175,89800,0.870,1.662,mesa
1790000029918,299,1899,3555,194,211,89900,0.865,1.591,mesa
